<?xml version="1.0" encoding="UTF-8"?>
<project-private xmlns="http://www.netbeans.org/ns/project-private/1">
    <editor-bookmarks xmlns="http://www.netbeans.org/ns/editor-bookmarks/2" lastBookmarkId="0"/>
    <open-files xmlns="http://www.netbeans.org/ns/projectui-open-files/2">
        <group>
            <file>file:/D:/Class/2024/SUMMER_2024/PRJ301/Class/demo/Demo/src/java/utils/ConnectDB.java</file>
            <file>file:/D:/Class/2024/SUMMER_2024/PRJ301/Class/demo/Demo/web/dashboard.jsp</file>
            <file>file:/D:/Class/2024/SUMMER_2024/PRJ301/Class/demo/Demo/web/login.jsp</file>
        </group>
    </open-files>
</project-private>
